Stainless Steel Luxury Men Fashion Military Army Analog Sport Quartz Wrist Watch,US $7.99,51 sold
,,
VINTAGE OMEGA AUTOMATIC 17 JEWELS CAL.354 SILVER DIAL ANALOG DRESS MEN'S WATCH,,
,,
Fashion Sport Men's Stainless Steel Case Leather Band Quartz Analog Wrist Watch,US $3.75,900 sold
,,
Men Stainless Steel Band LCD Digital Wrist Watch Sport Square Quartz IS 01,US $2.89,643 sold
,,
2019 New Men's Stainless steel Wristwatches Fashion steel wire Wrist Watch,US $36.99,69 sold
,,
New Design Bear Watch Quartz Women's Jewelry Stainless Steel Rhinestone Jewelry,,
,,
Stainless Steel Luxury Men Fashion Military Army Analog Sport Quartz Wrist Watch,US $7.99,51 sold
,,
MINI FOCUS Men Fashion Leather Watches Army Sports Analog Casual Quartz Watch,,
,,
Business Men Automatic quartz Mechanical Stainless Steel Calendar Military Watch,US $9.99,568 sold
,,
MINI FOCUS Men's Watch Chronograph Quartz Sports Watch Leather Strap Wrist Watch,,
,,
2019 New Men's Stainless steel Wristwatches Fashion steel wire Wrist Watch,US $36.99,69 sold
,,
2019 New Women's Stainless steel Wristwatches Crystal Curve G bears Watch,US $9.98,44 sold
,,
MINI FOCUS Leather Bracelet Casual Quartz Watch Men Spot Watch Luxury Wristwatch,,
,,
New Design Teddy Bear Watch Stainless Steel Watch For Woman Quartz Watches,,340 sold
,,
Stainless Steel Luxury Men Fashion Military Army Analog Sport Quartz Wrist Watch,US $7.69,13 sold
,,
Men Trendy Minimalist Watch Ultra Slim Leather Strap Stainless Steel Quartz 6.5,US $10.99,277 sold
,,
Stainless Steel Doctor Brooch Fob Clip-on Quartz Pin Pendant Pocket Nurse Watch,,
,,
Stainless Steel Luxury Men Fashion Military Army Analog Sport Quartz Wrist Watch,US $7.69,13 sold
,,
42mm Mens Multi-Function Quartz Watch Deluxe Green Rubber Strap Full Chronograph,,
,,
MEGIR Genuine Leather Stainless steel Buckle Analog Quartz Waterproof Watch,AU $12.99,124 sold
,,
LUXURY Fashion WOMEN Crystal STEEL casual QUARTZ WRIST WATCH NEW ANALOG ,,
,,
New Women's Stainless steel Wristwatches Fashion Love Heart Sun flower Watch,US $10.98,79 sold
,,
Men Stainless Steel Band LCD Digital Wrist Watch Sport Square Quartz IS 01,US $2.89,643 sold
,,
Men's Women's Unisex Date Stainless Steel Digital Sports Stopwatch Wrist Watch,US $2.89,24 sold
,,
2019 New Pandoras Watch Stainless Steel Digital Circle Woman & Men's Watch Gift,,50 sold
,,
Army Sport Oversized BEZEL CASE Skeleton Automatic mechanical Leather Men Watch,,
,,
Men Rectangle Watches Leather Band Automatic Mechanical Watch Small Seconds GOER,US $21.99,61 sold
,,
2019 Popular Military Men's Wrist Watch 3 time zone Quartz Analog Leather watch,,
,,
New Men Classic Transparent Steampunk Skeleton Mechanical Stainless Steel Watch,US $1.38,13 sold
,,
NEW Unique Men watch big face Military Army Men Wrist Watch 3 TIME Quartz watch,,
,,
Men's Women's Unisex Date Stainless Steel Digital Sports Stopwatch Wrist Watch,US $2.89,24 sold
,,
Invicta 17204 Men's Aviator Chronograph Gunmetal Dial Steel Bracelet Watch,US $89.99,"1,435 sold"
,,
NEW Tourbillion Luxury Fashion Bling Skeleton Automatic Mechanical Watch Jewelry,US $49.95,
,,
New Mens LED Digital Date Alarm Waterproof Rubber Sports Army Watch Wristwatch,US $9.99,"4,262 sold"
,,
Mens Tourbillion Quality Luxury Bling Skeleton Automatic Mechanical Wrist Watch,US $79.95,
,,
Men Trendy Minimalist Watch Ultra Slim Leather Strap Stainless Steel Quartz 6.5,US $10.99,277 sold
,,
NEW Tourbillion Luxury Bling Skeleton Automatic Mechanical Wrist Watch Jewelry,US $49.95,
,,
Starry Sky Watch Magnet Strap Free Buckle Stainless Steel For Women Lady Gift,GBP 2.49,119 sold
,,
Luxury Watch Pandoras Design Stainless Steel Quartz Watch Woman & Men'S Watch,,58 sold
,,
2019 New Men's Stainless steel Wristwatches Fashion steel  INTA Wrist Watch,US $32.99,6 sold
,,
NEW Tourbillion Luxury Fashion Bling Skeleton Automatic Mechanical Watch Jewelry,US $49.95,
,,
Invicta Reserve Star Wars Men's 52mm Bolt Zeus Magnum LE Swiss Chronograph Watch,US $199.99,4 sold
,,
VOSTOK KOMANDIRSKIE RUSSIAN MILITARY WATCH #211398,US $39.14,152 sold
,,
New Rare ! Harley Davidson live to ride since 1903 Limited Sport Metal Watch,,
,,
Luxury Quartz Analog Date Waterproof Men's Business Stainless Steel Wrist Watch,GBP 5.36,17 sold
,,
SKMEI Child Boys Student Alarm Luminous 12/24H 50M Waterproof Quartz Wristwatch,,
,,
New Hot Sell Luxury Brand Bear Watch Women Clear/Gold Silicone Wristwatch,US $10.99,11 sold
,,
Vintage Orient Crystal Automatic 21J Cal 46941 Day Date Japan Men's Wrist Watch,,
,,
SKMEI Men's Digital Military Sport Quartz Alarm Date 50M Waterproof Wrist Watch,US $8.50,153 sold
,,
Vintage Seiko 5 Japan Automatic 17J Cal 7009 St Steel Day Date Men's Wrist Watch,,
,,
Invicta 26171 Star Wars Men's 50mm Chronograph Black-Tone Steel Black Dial Watch,US $99.99,58 sold
,,
-Casio F91W-1D F-91W-1 Digital Watch Brand New & 100% Authentic NM,US $9.20,"9,731 sold"
,,
Hamilton Sea Rover II -NOS Men's Wrist Watch - Runs,,
,,
LED Digital Wrist Watch Ultra Thin Alarm Wrist Watch Calendar for Men Women QU,US $2.45,71 sold
,,
VINTAGE CITIZEN AUTOMATIC 21 JEWEL GOLD PLATED CASE DAY DATE MEN'S WRIST WATCH,,
,,
Fashion Men LED Digital Date Military Sport Rubber Quartz Watch Alarm Waterproof,US $9.99,"3,582 sold"
,,
VINTAGE SEIKO 5 AUTOMATIC 17 JEWEL CAL.7009A DAY DATE MEN'S WRIST WATCH ,,
,,
New CASIO Retro Classic Unisex Digital Steel Bracelet Watch- A168WA-1YES Silver,GBP 11.75,9 sold
,,
 SEIKO 5 AUTOMATIC MENS STEEL VINTAGE JAPAN MADE WHITE DIAL WATCH RUN ORDER  g,US $21.99,34 sold
,,
New Women's Stainless steel Wristwatches Fashion Love Heart Sun flower Watch,US $10.98,79 sold
,,
NEW Man's Quartz Watch Stainless Steel Luxury Heavyweight Rotating Dial,US $26.99,4 sold
